,S,mu,v,s
1,1,1.0,0.0,0.0
2,3,2.0,1.0,1.0
3,5,3.0,2.6666666666666665,1.632993161855452
4,6,3.75,3.6875,1.920286436967152
5,10,5.0,9.2,3.03315017762062
6,3,4.666666666666667,8.222222222222223,2.8674417556808756
7,2,4.285714285714286,7.918367346938775,2.813959371941744
8,11,5.125,11.859375,3.4437443284889775
9,8,5.444444444444445,11.358024691358024,3.370166864022911
10,40,8.9,117.69000000000001,10.84850220076486
11,13,9.272727272727273,108.3801652892562,10.410579488638286
12,24,10.5,115.91666666666667,10.766460266339475
13,5,10.076923076923077,109.14792899408286,10.447388620802945
14,4,9.642857142857142,103.80102040816327,10.188278579238167
15,15,10.0,98.66666666666667,9.93310961716756
16,4,9.625,94.609375,9.726735063730276
17,9,9.588235294117647,89.06574394463668,9.437464910908897
18,14,9.833333333333334,85.13888888888887,9.227073690444271
19,21,10.421052631578947,86.87534626038781,9.320694515989022
20,7,10.25,83.0875,9.115234500549068
21,6,10.047619047619047,79.95011337868479,8.94148272819921
22,37,11.272727272727273,107.83471074380166,10.384349317304462
23,42,12.608695652173912,142.4120982986767,11.9336540212408
24,11,12.541666666666666,136.58159722222223,11.686812962575479
25,16,12.68,131.5776,11.470727962949866
26,17,12.846153846153847,127.20710059171597,11.278612529549722
27,8,12.666666666666666,123.33333333333336,11.105554165971789
28,7,12.464285714285714,120.0344387755102,10.956022945189106
29,13,12.482758620689655,115.90487514863257,10.765912648198135
30,7,12.3,113.01,10.630616162763097
31,19,12.516129032258064,110.76586888657648,10.524536516473136
32,7,12.34375,108.2255859375,10.403152692213068
33,24,12.696969696969697,108.93847566574841,10.437359611786327
34,12,12.676470588235293,105.74826989619378,10.283397779731843
35,11,12.628571428571428,102.80489795918368,10.139275021380161
36,20,12.833333333333334,101.41666666666667,10.070584226680529
37,6,12.64864864864865,99.90357925493062,9.995177800065921
38,23,12.921052631578947,100.02008310249307,10.00100410471334
39,12,12.897435897435898,97.47666009204471,9.873026896147135
40,24,13.175,98.04437499999999,9.901735958911447
41,5,12.975609756097562,97.24330755502676,9.861202135390327
42,4,12.761904761904763,96.80045351473923,9.83872214846721
43,12,12.744186046511627,94.56246619794483,9.724323431372737
44,23,12.977272727272727,94.74948347107438,9.733934634621006
45,9,12.88888888888889,92.98765432098766,9.643010646109838
46,10,12.826086956521738,91.14366729678639,9.546919256848588
47,29,13.170212765957446,94.6518786781349,9.728919707662044
48,4,12.979166666666666,94.39539930555559,9.7157294788171
49,3,12.775510204081632,94.45980841316118,9.719043595599373
50,33,13.18,100.58760000000001,10.029336967118017
51,39,13.686274509803921,111.43098808150711,10.55608772611838
52,8,13.576923076923077,109.89792899408283,10.483221308075244
53,45,14.169811320754716,126.10323958704164,11.22956987542451
54,18,14.24074074074074,124.0346364883402,11.137083841308739
55,13,14.218181818181819,121.80694214876034,11.036618238788563
56,12,14.178571428571429,119.71811224489794,10.941577228393443
57,20,14.280701754385966,118.2019082794706,10.87207010092699
58,18,14.344827586206897,116.39833531510108,10.788806018976386
59,20,14.440677966101696,114.9583453030738,10.7218629586035
60,20,14.533333333333333,113.54888888888892,10.655932098549096
61,31,14.80327868852459,116.05966138134907,10.773098968326108
62,10,14.725806451612904,114.55385015608739,10.702983236279845
63,9,14.634920634920634,113.24766943814565,10.641788826985135
64,12,14.59375,111.5849609375,10.563378291886549
65,9,14.507692307692308,110.34224852071004,10.504391868200178
66,36,14.833333333333334,115.5631313131313,10.750029363361353
67,16,14.850746268656716,113.85832033860551,10.670441431290719
68,84,15.867647058823529,181.46777681660902,13.47099761771967
69,42,16.246376811594203,188.59147237975213,13.732861041303526
70,41,16.6,194.52571428571432,13.947247552320649
71,14,16.56338028169014,191.8797857567943,13.852067923483277
72,21,16.625,189.484375,13.76533236068058
73,25,16.73972602739726,187.83636704822666,13.705340822038197
74,10,16.64864864864865,185.90357925493063,13.634646282721478
75,16,16.64,183.43040000000002,13.543647957622053
76,15,16.61842105263158,181.05176592797784,13.45554777509923
77,14,16.584415584415584,178.78832855456236,13.371175286958225
78,31,16.76923076923077,179.12623274161737,13.38380486788482
79,14,16.734177215189874,176.95465470277202,13.302430405860878
80,16,16.725,174.74937500000001,13.219280426710071
81,14,16.691358024691358,172.68251790885535,13.140872037610569
82,20,16.73170731707317,170.70850684116598,13.065546557307352
83,26,16.843373493975903,169.67426331833357,13.025907389442532
84,25,16.94047619047619,168.43693310657596,12.978325512429404
85,34,17.141176470588235,169.838892733564,13.032225164321096
86,8,17.03488372093023,168.82436452136292,12.99324303326013
87,128,18.310344827586206,306.78874355925484,17.51538590951552
88,26,18.397727272727273,303.96681301652893,17.434644046166497
89,92,19.224719101123597,360.7360181795227,18.993051839541813
90,7,19.08888888888889,358.3698765432099,18.93065969646092
91,6,18.945054945054945,356.29368433764034,18.875743279077525
92,15,18.902173913043477,352.58825614366737,18.77733357385088
93,26,18.978494623655912,349.33287085212163,18.690448653045266
94,18,18.96808510638298,345.6266410140335,18.5910365771797
95,8,18.852631578947367,343.24144044321326,18.526776310065745
96,98,19.677083333333332,404.2394748263889,20.105707518672126
97,6,19.536082474226806,401.9806568179403,20.04945527484326
98,5,19.387755102040817,400.01291128696374,20.000322779569427
99,32,19.515151515151516,397.5629017447199,19.938979455948086
100,14,19.46,393.8884,19.846621878798416
101,23,19.495049504950494,390.1113616312127,19.7512369645856
102,26,19.558823529411764,386.69752018454443,19.6646261135203
103,13,19.49514563106796,383.3567725516072,19.579498781930226
104,17,19.471153846153847,379.7299371301776,19.486660491992403
105,16,19.438095238095237,376.2271201814059,19.396574960064623
106,30,19.537735849056602,373.7202741189035,19.331846112539367
107,12,19.46728971962617,370.7536029347542,19.254963072796432
108,41,19.666666666666668,371.5740740740741,19.276256744349357
109,32,19.779816513761467,369.5478495076173,19.223627376424496
110,29,19.863636363636363,366.95413223140497,19.156046884245324
111,6,19.73873873873874,365.3641749857967,19.114501693368748
112,5,19.607142857142858,364.02423469387753,19.079419139320713
113,16,19.575221238938052,360.916908136894,18.997813246184258
114,5,19.44736842105263,359.59810710988,18.96307219597816
115,35,19.582608695652173,358.5562192816635,18.93558077487098
116,36,19.724137931034484,357.76872770511306,18.914775380773442
117,59,20.05982905982906,367.78274526992476,19.17766266441051
118,11,19.983050847457626,365.35564492961794,19.11427856157846
119,10,19.899159663865547,363.1158816467764,19.055599745134668
120,25,19.941666666666666,360.30493055555564,18.981699885825705
121,10,19.859504132231404,358.1372857045283,18.92451546815739
122,23,19.885245901639344,355.2819134641225,18.848923403317297
123,48,20.11382113821138,358.76753255337434,18.941159746788852
124,37,20.25,358.15524193548384,18.924989879402414
125,16,20.216,355.4333439999999,18.852939929888915
126,15,20.174603174603174,352.8266565885614,18.783680592167272
127,17,20.1496062992126,350.12722425444855,18.711686836157998
128,15,20.109375,347.597412109375,18.6439644954976
129,16,20.07751937984496,345.03275043567095,18.575057212177597
130,15,20.03846153846154,342.57544378698225,18.508793688054936
131,15,20.0,340.1526717557252,18.443228344184355
132,23,20.022727272727273,337.6434228650138,18.37507613222361
133,22,20.037593984962406,335.1339250381594,18.306663405387653
134,101,20.64179104477612,381.18511918021824,19.52396269152905
135,20,20.637037037037036,378.3645541838134,19.451595157822236
136,100,21.220588235294116,421.55428200692046,20.531787111864386
137,23,21.233576642335766,418.5001864777026,20.45727710321446
138,33,21.318840579710145,416.4635580760345,20.40743879265682
139,9,21.230215827338128,414.55131721960555,20.360533323555295
140,8,21.135714285714286,412.83158163265307,20.318257347337962
141,22,21.141843971631207,409.9089583018963,20.246208492008975
142,33,21.225352112676056,408.0055544534814,20.199147369467887
143,28,21.272727272727273,405.4710743801653,20.136312333199577
144,13,21.21527777777778,403.12726658950623,20.078029449861514
145,107,21.806896551724137,450.7489179548158,21.23084826272412
146,8,21.71232876712329,448.95834115218605,21.18863707632433
147,7,21.612244897959183,447.3666527835625,21.15104377527413
148,36,21.70945945945946,445.73315376187,21.11239336886915
149,14,21.65771812080537,443.137876672222,21.05084028423146
150,14,21.606666666666666,440.5719555555556,20.98980599137485
151,12,21.543046357615893,438.2613920442086,20.93469350251416
152,27,21.57894736842105,435.57271468144046,20.870378882076878
153,39,21.69281045751634,434.6964842581913,20.84937611196535
154,38,21.7987012987013,433.58934896272564,20.822808383182267
155,10,21.72258064516129,431.68432882414163,20.777014434806116
156,18,21.69871794871795,429.005382971729,20.7124451229624
157,22,21.70063694267516,426.2734390847499,20.6463904614039
158,87,22.11392405063291,450.3920846018267,21.222442946131974
159,32,22.17610062893082,448.1702464301254,21.170031800404207
160,44,22.3125,448.32734375,21.17374184573903
161,43,22.440993788819874,448.18440646580007,21.170366233624776
162,38,22.537037037037038,446.90294924554183,21.140079215687482
163,43,22.662576687116566,446.7143663668184,21.135618428776066
164,17,22.628048780487806,444.1848230220108,21.075692705626803
165,17,22.593939393939394,441.6835996326907,21.016269879136274
166,35,22.66867469879518,439.9444404122515,20.974852571883584
167,13,22.610778443113773,437.86647065151146,20.925259153747927
168,12,22.547619047619047,435.9263038548753,20.878848240620826
169,155,23.331360946745562,536.5410874969364,23.163356568013548
170,27,23.352941176470587,533.4636678200693,23.096832419621297
171,25,23.362573099415204,530.3597688177558,23.029541220305624
172,13,23.302325581395348,527.8969713358573,22.976008603233446
173,38,23.387283236994218,526.0870059139964,22.936586622991584
174,18,23.35632183908046,523.2293565860747,22.874207234045834
175,17,23.32,520.4690285714287,22.81379031575921
176,49,23.46590909090909,521.2374741735537,22.830625794610924
177,17,23.429378531073446,518.5274984838329,22.771198881126853
178,23,23.426966292134832,515.6154525943693,22.70716742780502
179,17,23.391061452513966,512.9643893761119,22.648717168442715
180,40,23.483333333333334,511.6386111111111,22.619429946643464
181,19,23.4585635359116,508.92231616861517,22.55930664201839
182,18,23.428571428571427,506.28885400313976,22.500863405726008
183,18,23.398907103825138,503.6824031771627,22.442869762513943
184,16,23.358695652173914,501.2409026465029,22.38841000711089
185,30,23.394594594594594,498.768619430241,22.3331282947607
186,19,23.370967741935484,496.19033992369054,22.275330298868536
187,125,23.914438502673796,548.4739626526352,23.419520974021548
188,10,23.840425531914892,546.5809189678588,23.379070104857867
189,9,23.761904761904763,544.8480725623583,23.341980904849493
190,56,23.931578947368422,547.4216343490305,23.397043282197657
191,22,23.921465968586386,544.5749842383707,23.336130446977936
192,25,23.927083333333332,541.7446831597222,23.275409409067805
193,29,23.95336787564767,539.070364305082,23.217888885621836
194,23,23.948453608247423,536.2963120416623,23.158072286821767
195,9,23.871794871794872,534.6861275476659,23.123281072280076
196,8,23.790816326530614,533.2368544356518,23.09192184370222
197,23,23.78680203045685,530.5332268288283,23.033306901720135
198,36,23.848484848484848,528.603305785124,22.99137459538085
199,35,23.90452261306533,526.5687735158203,22.947086384023144
200,11,23.84,524.7643999999999,22.90773668436059
201,37,23.90547263681592,523.0109650751219,22.869432985431054
202,15,23.861386138613863,520.8124693657485,22.821316118176632
203,14,23.8128078817734,518.723579800529,22.77550394174691
204,15,23.769607843137255,516.5596645520953,22.727948973721656
205,28,23.790243902439023,514.126734086853,22.674362925710902
206,83,24.07766990291262,528.5667829201622,22.990580308468992
207,95,24.420289855072465,550.1953371140515,23.45624303067419
208,57,24.576923076923077,552.6286982248521,23.50805602819706
209,9,24.502392344497608,551.1399464297979,23.476369958530597
210,8,24.423809523809524,549.8060997732427,23.44794446797507
211,14,24.37440758293839,547.7128995305585,23.403266855944675
212,8,24.297169811320753,546.3881051975792,23.374946100420836
213,13,24.24413145539906,544.4192730719213,23.33279394054474
214,18,24.214953271028037,542.0565988295921,23.282108985862774
215,28,24.232558139534884,539.6017306652244,23.229329104931644
216,21,24.21759259259259,537.1517275377229,23.17653398456557
217,20,24.19815668202765,534.7579689524093,23.124834463243392
218,22,24.18807339449541,532.327013719384,23.072213021714756
219,20,24.168949771689498,529.9760221846918,23.021208095681942
220,20,24.15,527.6456818181817,22.970539432459606
221,11,24.09049773755656,526.0370590282754,22.935497793339376
222,35,24.13963963963964,524.201221491762,22.89544106349039
223,9,24.071748878923767,522.8737758651891,22.86643338750469
224,8,24.0,521.6875,22.84047941703501
225,63,24.173333333333332,526.0988444444444,22.936844692425424
226,8,24.101769911504423,524.9232712036965,22.911204053992808
227,15,24.061674008810574,522.9741698849191,22.868628509049664
228,8,23.99122807017544,521.8069405971066,22.843093936616963
229,19,23.96943231441048,519.6366202017506,22.795539480384107
230,26,23.97826086956522,517.395179584121,22.746322330964208
231,25,23.982683982683984,515.1598733157175,22.69713359249836
232,38,24.04310344827586,513.7826248513674,22.666773587155436
233,16,24.008583690987123,511.85400357346793,22.624190672231084
234,59,24.15811965811966,514.8767075754256,22.690894816543167
235,26,24.16595744680851,512.7001177003169,22.6428822745762
236,22,24.156779661016948,510.54745403619654,22.595297166361778
237,14,24.11392405063291,508.8266837579449,22.55718696464488
238,13,24.067226890756302,507.2055645787727,22.52122475752091
239,18,24.0418410041841,505.23674305421815,22.477471900865947
240,15,24.004166666666666,503.4708159722223,22.43815536028357
241,15,23.966804979253112,501.71674041424905,22.399034363432925
242,20,23.950413223140497,499.70828495321365,22.354155876552657
243,14,23.909465020576132,498.0576470388999,22.317205179836026
244,13,23.864754098360656,496.5022003493685,22.282329329524067
245,12,23.816326530612244,495.04789670970433,22.249671833753062
246,42,23.890243902439025,494.3741324608368,22.234525685537722
247,32,23.923076923076923,492.63780753659285,22.195445648524224
248,19,23.903225806451612,490.748699271592,22.15284855885563
249,15,23.867469879518072,489.0948855663618,22.11548972024725
250,32,23.9,487.4019999999999,22.07718279128929
251,22,23.89243027888446,485.47448453199155,22.033485528440377
252,21,23.88095238095238,483.5810657596372,21.990476706057038
253,37,23.932806324110672,482.347263666047,21.962405689405863
254,34,23.97244094488189,480.8456971913943,21.928194116055117
255,21,23.96078431372549,478.99454056132254,21.885943903823808
256,32,23.9921875,477.37493896484375,21.848911619685857
257,65,24.151750972762645,482.0353374010205,21.955303172605486
258,8,24.089147286821706,481.17422330388786,21.935683789293822
259,7,24.023166023166024,480.439617775525,21.918932861239504
260,21,24.01153846153846,478.6267899408284,21.877540765379194
261,7,23.946360153256705,477.89750590860376,21.86086699809968
262,20,23.931297709923665,476.13268457549094,21.820464811169604
263,19,23.91254752851711,474.4144052971707,21.781056110693317
264,32,23.943181818181817,472.86419593663913,21.745440808055356
265,25,23.947169811320755,471.0840014239943,21.704469618583044
266,24,23.94736842105263,469.3130193905817,21.663633568507887
267,43,24.0187265917603,468.90976167431154,21.65432431811973
268,37,24.067164179104477,467.78653374916456,21.62837334958791
269,91,24.315985130111525,482.6399303492212,21.969067580332606
270,39,24.37037037037037,481.6480109739369,21.946480605644652
271,20,24.354243542435423,479.94093217684946,21.907554226267465
272,14,24.316176470588236,478.56915008650526,21.87622339633844
273,13,24.274725274725274,477.2835003824015,21.846818999167855
274,43,24.343065693430656,476.816612499334,21.836130895818837
275,13,24.30181818181818,475.54890578512396,21.807083844134777
276,40,24.358695652173914,474.7155403276623,21.787967787925112
277,13,24.31768953068592,473.4658603657025,21.759270676327883
278,37,24.363309352517987,472.3392293359557,21.733366728051035
279,26,24.369175627240143,470.65582405159245,21.69460356981875
280,25,24.37142857142857,468.97632653061225,21.655861251185836
281,40,24.427046263345197,468.1735033750839,21.63731737935837
282,12,24.382978723404257,467.05900105628496,21.611547863498462
283,41,24.441696113074205,466.3808762751439,21.59585321942951
284,26,24.447183098591548,464.7472103749256,21.557996436935543
285,152,24.894736842105264,520.0029547553094,22.803573289186705
286,7,24.832167832167833,519.300503692112,22.7881658694181
287,6,24.766550522648085,518.7225048258446,22.775480342373562
288,31,24.788194444444443,517.0558328510801,22.73886173164963
289,39,24.837370242214533,515.9631709390453,22.714822714233218
290,97,25.086206896551722,532.0787752675387,23.06683279662682
291,19,25.06529209621993,530.3771802411402,23.02991924087317
292,97,25.311643835616437,546.2213712704072,23.371379318953498
293,6,25.245733788395903,545.625621731179,23.358630561982416
294,5,25.17687074829932,545.1591929288722,23.348644348845443
295,32,25.2,543.4684745762712,23.312410312455278
296,19,25.179054054054053,541.7618585646458,23.275778366461683
297,10,25.127946127946128,540.7109025156162,23.25319123293868
298,18,25.104026845637584,539.0663596234403,23.21780264416597
299,18,25.08026755852843,537.4316842093489,23.18257285568944
300,14,25.043333333333333,536.0481222222221,23.152713063963414
301,13,25.003322259136212,534.747497268242,23.12460804572138
302,32,25.026490066225165,533.1383711240735,23.089789326108487
303,17,25.0,531.5907590759076,23.05625206046958
304,19,24.980263157894736,529.9601367728532,23.020863076193585
305,18,24.957377049180327,528.3817898414405,22.986556719992677
306,45,25.022875816993466,527.9635289845786,22.977456973838045
307,25,25.022801302931597,526.2437797748518,22.940003918370454
308,24,25.01948051948052,524.5385815483218,22.90280728531596
309,13,24.980582524271846,523.307066327332,22.875905803428463
310,24,24.97741935483871,521.6220707596254,22.839047063299848
311,12,24.935691318327976,520.484610374169,22.814131812851635
312,104,25.189102564102566,538.7879581689677,23.211806439158668
313,37,25.226837060702877,537.5108452673805,23.184280132610986
314,11,25.181528662420384,536.4415696377133,23.161208293992637
315,10,25.133333333333333,535.4679365079365,23.14018013127678
316,67,25.265822784810126,539.3027559685947,23.222892928500418
317,102,25.50788643533123,556.1174456905732,23.582142516967647
318,17,25.4811320754717,554.5955559511096,23.54985256750262
319,26,25.482758620689655,552.857853205059,23.51292949007118
320,32,25.503125,551.262490234375,23.47897975284222
321,12,25.461059190031154,550.1114119622285,23.45445398985507
322,11,25.41614906832298,549.0504224374059,23.431824991609293
323,24,25.41176470588235,547.3567656164633,23.395656981937126
324,11,25.367283950617285,546.3064605243103,23.37319962102558
325,24,25.363076923076925,544.631252071006,23.337336010586256
326,11,25.319018404907975,543.5914787910723,23.315048333449198
327,18,25.29663608562691,542.0924351672604,23.282878584214203
328,31,25.3140243902439,540.5385838042832,23.249485667521405
329,30,25.328267477203646,538.9621492780001,23.215558345170166
330,25,25.327272727272728,537.3292561983471,23.180363590727975
331,35,25.356495468277945,535.9877146064749,23.15140847997104
332,28,25.3644578313253,534.3942789229206,23.11696950127591
333,31,25.38138138138138,532.8845782719657,23.08429289088071
334,41,25.42814371257485,532.0172917637778,23.065500032814764
335,6,25.370149253731345,531.552541768768,23.05542326154018
336,5,25.30952380952381,531.2018140589569,23.047815819703107
337,19,25.29080118694362,529.7433278447463,23.016153628370365
338,109,25.53846153846154,548.8461538461538,23.42746580076799
339,22,25.52802359882006,547.263963940446,23.393673587969165
340,11,25.485294117647058,546.2733131487889,23.372490520883495
341,17,25.46041055718475,544.8818637610616,23.342704722483674
342,5,25.400584795321638,544.5091224650321,23.33471924975812
343,4,25.338192419825074,544.2529728259483,23.32923000928124
344,30,25.351744186046513,542.7338341671174,23.296648560836328
345,38,25.38840579710145,541.6230539802561,23.272796436617927
346,34,25.41329479768786,540.2713839419961,23.2437385964908
347,17,25.389048991354468,538.9178051474557,23.21460327353142
348,30,25.402298850574713,537.4301096578149,23.182538895854677
349,35,25.429799426934096,536.1533813351286,23.154986100948726
350,34,25.454285714285714,534.8307673469387,23.126408440286156
351,47,25.515669515669515,534.625822842347,23.121977053062462
352,14,25.482954545454547,533.4826639979339,23.09724364503119
353,58,25.575070821529746,534.9582453915849,23.129164390258133
354,30,25.587570621468927,533.5022183919053,23.097666946943047
355,58,25.67887323943662,534.9503987304106,23.128994762643934
356,41,25.721910112359552,534.105250284055,23.110717216998157
357,40,25.761904761904763,533.1786047752435,23.090660553029736
358,34,25.78491620111732,531.8783199650447,23.06248728921156
359,40,25.824512534818943,530.9580620882829,23.04252725046198
360,40,25.863888888888887,530.0398070987656,23.02259340514803
361,13,25.82825484764543,529.0286753477951,23.000623368678404
362,59,25.91988950276243,530.5985546839229,23.034724975217806
363,10,25.876033057851238,529.8331170457392,23.018104114929603
364,9,25.82967032967033,529.1578009902186,23.003430200520498
365,151,26.172602739726027,570.5154137736911,23.88546448729208
366,24,26.166666666666668,568.969489981785,23.85308135192988
367,22,26.155313351498638,567.4663409781051,23.821552027063753
368,90,26.328804347826086,576.9706920486767,24.02021423819273
369,116,26.571815718157183,597.139151445715,24.436430824605196
370,47,26.627027027027026,596.6500803506209,24.426421767230273
371,46,26.67924528301887,596.0507552255506,24.414150716859897
372,10,26.634408602150536,595.1942999190658,24.396604270247646
373,46,26.68632707774799,594.6013412013311,24.384448757380824
374,36,26.711229946524064,593.2428150647715,24.356576423314742
375,46,26.762666666666668,592.6503395555557,24.344410848397125
376,39,26.795212765957448,591.4713600611136,24.320184211085113
377,20,26.777188328912466,590.0246255162562,24.290422505923114
378,19,26.756613756613756,588.62330281907,24.261560189300894
379,23,26.7467018469657,587.107344003453,24.230298058493894
380,45,26.794736842105262,586.4368144044322,24.21645751146175
381,21,26.77952755905512,584.9855126376921,24.18647375368497
382,20,26.76178010471204,583.574141333845,24.157279261825927
383,52,26.827676240208877,583.7092079160674,24.160074667021775
384,15,26.796875,582.552490234375,24.136124175898146
385,14,26.763636363636362,581.4636127508854,24.113556617614197
386,48,26.818652849740932,581.1225536256006,24.106483642904053
387,37,26.844961240310077,579.8881076858361,24.080866007804538
388,15,26.814432989690722,578.7542246784994,24.057311252060142
389,16,26.786632390745503,577.566299456123,24.03260908549305
390,46,26.835897435897436,577.0294806048652,24.02143793791007
391,14,26.80306905370844,575.9740059261778,23.999458450685463
392,13,26.767857142857142,574.9894770408164,23.978938196692873
393,104,26.96437659033079,588.6653976393502,24.262427694675367
394,157,27.294416243654823,629.979308923188,25.09938861652188
395,14,27.260759493670886,628.8307386636757,25.076497735203688
396,30,27.267676767676768,627.2616824813795,25.045192801840823
397,27,27.267002518891687,625.681858269515,25.01363344797223
398,22,27.253768844221106,624.1793199666675,24.983581007667166
399,21,27.238095238095237,622.7127342164936,24.954212754893582
400,54,27.305,622.941975,24.95880556036286
401,15,27.27431421446384,621.7651507142368,24.935219082940435
402,22,27.261194029850746,620.2874990718051,24.9055716471597
403,41,27.29528535980149,619.2155360848229,24.884041795593074
404,53,27.35891089108911,619.3142522791884,24.886025240668474
405,20,27.340740740740742,617.918463648834,24.857965798689843
406,19,27.320197044334975,616.5674245917154,24.83077575493193
407,21,27.304668304668304,615.1504204673739,24.802226119188855
408,19,27.284313725490197,613.811322568243,24.775215893473924
409,44,27.325183374083128,612.9920552842224,24.758676363736054
410,52,27.385365853658538,612.9783224271267,24.75839902794861
411,36,27.40632603406326,611.6670159423636,24.731902796638263
412,22,27.393203883495147,610.2531576962956,24.70330256658602
413,21,27.37772397094431,608.8742737543164,24.675377884731905
414,23,27.367149758454108,607.4497421176691,24.646495534206665
415,25,27.36144578313253,605.9994774277835,24.61705663615745
416,32,27.372596153846153,604.594345183062,24.588500262990056
417,20,27.354916067146284,603.2745142015882,24.56164722085203
418,26,27.351674641148325,601.8356550903138,24.532338964931856
419,22,27.33890214797136,600.4674842362482,24.504438051835592
420,21,27.323809523809523,599.1332426303854,24.477198422825794
421,21,27.30878859857482,597.8048871310813,24.450048816537794
422,21,27.29383886255924,596.4823791019968,24.42298874220755
423,22,27.28132387706856,595.1383509660255,24.395457588781266
424,21,27.266509433962263,593.8275576272696,24.36857725898805
425,19,27.24705882352941,592.5907266435986,24.343186452138895
426,33,27.260563380281692,591.2771771473914,24.31619166620035
427,32,27.271662763466043,589.9449347059436,24.288782075393232
428,48,27.320093457943926,589.568100925845,24.281023473606812
429,18,27.2983682983683,588.3958248433773,24.2568717035684
430,46,27.34186046511628,587.8389453758789,24.24539018815492
431,33,27.354988399071924,586.5491572504454,24.218776956123225
432,54,27.416666666666668,586.8310185185185,24.22459532207955
433,12,27.381062355658198,586.0233827051187,24.207919834325267
434,11,27.34331797235023,585.2899668712438,24.192766829596895
435,22,27.33103448275862,584.0099564011099,24.166297945715847
436,127,27.559633027522935,605.4024072047807,24.60492648240959
437,106,27.73913043478261,618.0646701820714,24.860906463402966
438,13,27.705479452054796,617.1484174641897,24.84247204817165
439,59,27.776765375854215,617.9683895372067,24.858970001534793
440,11,27.738636363636363,617.2021435950413,24.843553360883007
441,10,27.6984126984127,616.5144872763921,24.829709770281088
442,80,27.816742081447963,621.2944708339305,24.925779242261022
443,58,27.884875846501128,621.943857038762,24.93880223745242
444,104,28.056306306306308,633.5621449151854,25.170660398868865
445,25,28.04943820224719,632.1593536169677,25.142779353463844
446,57,28.114349775784753,632.6169689718273,25.1518780406519
447,14,28.082774049217,631.6463923046509,25.13257631649909
448,13,28.049107142857142,630.7431242028061,25.114599821673572
449,39,28.07349665924276,629.6048432299442,25.091927850006748
450,31,28.08,628.2247111111111,25.06441124604987
451,32,28.08869179600887,626.8657479560081,25.037287152485355
452,26,28.08407079646018,625.4885073224215,25.009768238078927
453,71,28.178807947019866,628.1644957092525,25.063210004092703
454,11,28.140969162995596,627.4294669021328,25.048542211117454
455,10,28.1010989010989,626.7721965946141,25.0354188420049
456,13,28.06798245614035,625.8966941751307,25.01792745562931
457,10,28.028446389496718,625.239891021743,25.004797360141573
458,26,28.024017467248907,623.8837026372495,24.977664074873964
459,26,28.019607843137255,622.5333845956684,24.950618922096268
460,62,28.093478260869563,623.6847400756145,24.973680947661972
461,38,28.114967462039047,622.5442662136918,24.950836984231447
462,37,28.134199134199132,621.3672719776615,24.927239557914582
463,27,28.131749460043196,620.0279984512687,24.900361412061244
464,37,28.150862068965516,618.8608613258026,24.876914224352717
465,25,28.144086021505377,617.5512822291595,24.85057911255107
466,14,28.113733905579398,616.6544465729706,24.832527994003563
467,26,28.109207708779444,615.343534061782,24.806118883488846
468,18,28.087606837606838,614.246598546278,24.783998840911003
469,17,28.063965884861407,613.1984670009684,24.762844485255897
470,18,28.04255319148936,612.1088275237664,24.74083320189048
471,17,28.019108280254777,611.0675754256426,24.71978105537431
472,17,27.99576271186441,610.0296430623383,24.698778169422436
473,17,27.972515856236786,608.9950162920319,24.677824383280466
474,132,28.19198312236287,630.4926783457066,25.109613265554422
475,86,28.313684210526315,636.1858127423822,25.222724134049876
476,85,28.432773109243698,641.585816679613,25.329544344097723
477,20,28.41509433962264,640.3895415529448,25.305919101130172
478,30,28.418410041841003,639.0550585598992,25.279538337554726
479,31,28.423799582463467,637.7347989243423,25.253411629408458
480,86,28.54375,643.2980859375,25.363321666089007
481,39,28.565488565488565,642.1874991895783,25.341418649901552
482,44,28.597510373443985,641.3483755444983,25.32485687115523
483,43,28.627329192546583,640.4491081876986,25.307096004632744
484,64,28.700413223140497,641.7057023085855,25.331910751235988
485,59,28.762886597938145,642.271612286109,25.343078192794753
486,19,28.742798353909464,641.145781469627,25.320856649600678
487,12,28.70841889117043,640.4036868224769,25.306198584980653
488,45,28.741803278688526,639.6341541252352,25.29098958374771
489,43,28.770961145194274,638.7409972357091,25.27332580480276
490,42,28.79795918367347,637.7938733860891,25.254581235611276
491,57,28.855397148676172,638.111472907446,25.260868411585655
492,16,28.829268292682926,637.1497124727346,25.241824666072272
493,16,28.803245436105477,636.190496566536,25.222816983170933
494,11,28.767206477732792,635.5429731678931,25.209977651078812
495,38,28.785858585858588,634.4309111315172,25.187912004203866
496,16,28.760080645161292,633.4807451547866,25.169043389743415
497,15,28.732394366197184,632.5863349108736,25.151269051697444
498,45,28.765060240963855,631.8464097353268,25.136555247991456
499,20,28.74749498997996,630.7338364102956,25.114414912760672
500,34,28.758,629.527436,25.090385329842984
501,31,28.7624750499002,628.2809072473814,25.065532255417626
502,56,28.816733067729082,628.5042618371137,25.06998727237638
503,23,28.805168986083498,627.3218818302905,25.046394587450916
504,22,28.791666666666668,626.1688988095239,25.02336705580454
505,15,28.764356435643563,625.3048681501813,25.00609661962821
506,22,28.75098814229249,624.1593369682388,24.983181081844617
507,19,28.731755424063117,623.1154215733187,24.96227997546135
508,25,28.724409448818896,621.9161758323515,24.938247248600923
509,86,28.836935166994106,627.1266515105315,25.042496910462653
510,27,28.833333333333332,625.903594771242,25.018065368274222
511,26,28.82778864970646,624.694413700928,24.99388752677198
512,40,28.849609375,623.7176170349121,24.974339171135483
513,22,28.83625730994152,622.5930713723882,24.95181499154697
514,151,29.073929961089494,650.3602931157171,25.5021625184163
515,14,29.044660194174757,649.537811292299,25.486031689776638
516,138,29.25581395348837,671.2407607715882,25.908314510434447
517,12,29.222437137330754,670.5172528611353,25.89434789410877
518,11,29.187258687258687,669.8626175817294,25.88170430210749
519,36,29.20038535645472,668.6611944565101,25.858483993778716
520,11,29.165384615384614,668.0111094674556,25.845910884847058
521,37,29.18042226487524,666.8465265011549,25.823371710548468
522,11,29.1455938697318,666.2010246473188,25.810870280703803
523,44,29.173996175908222,665.3483104168113,25.794346481677167
524,18,29.15267175572519,664.3163859914923,25.774335801170363
525,17,29.12952380952381,663.3317950113377,25.755228498527007
526,42,29.153992395437264,662.3850315892959,25.736841911728327
527,10,29.11764705882353,661.8229713137627,25.725920222875658
528,68,29.19128787878788,663.427424098944,25.757084930149684
529,18,29.170132325141775,662.4096183189739,25.73731956360207
530,38,29.18679245283019,661.3066180135279,25.715882602266014
531,17,29.163841807909606,660.340387500399,25.697089086128003
532,16,29.139097744360903,659.4242608400702,25.67925740437348
533,64,29.204502814258912,660.4628690304799,25.699472154705433
534,21,29.189138576779026,659.3518670482122,25.67784778847737
535,22,29.17570093457944,658.2158581535506,25.655717845220206
536,29,29.175373134328357,656.9879009801738,25.631775221005935
537,17,29.15270018621974,656.0399973644879,25.613277755189554
538,16,29.12825278810409,655.1415437873992,25.595732921473438
539,15,29.102040816326532,654.2957101207829,25.5792046420678
540,21,29.08703703703704,653.2053875171468,25.557883079729958
541,40,29.10720887245841,652.2177114332669,25.538553432668557
542,39,29.125461254612546,651.194591576912,25.518514682028655
543,19,29.10681399631676,650.1838025565629,25.4987019778765
544,36,29.11948529411765,649.0757967939013,25.476966004489256
545,33,29.126605504587157,647.9124114131807,25.454123662251284
546,32,29.13186813186813,646.7408525540393,25.431100105068975
547,18,29.111517367458866,645.7846388310511,25.412293065188965
548,28,29.10948905109489,644.6084501038947,25.38914039710472
549,59,29.16393442622951,645.058735704261,25.398006530124782
550,25,29.156363636363636,643.9173685950414,25.375526961918276
551,50,29.19419237749546,643.5357920428457,25.368007254075867
552,16,29.170289855072465,642.6847694812014,25.351228165144217
553,15,29.144665461121157,641.8850393546298,25.335450249692226
554,32,29.149819494584836,640.7410920251796,25.312864160840817
555,15,29.124324324324323,639.9467056245434,25.297167936837187
556,31,29.12769784172662,638.8020385849595,25.27453339994548
557,21,29.11310592459605,637.7735625255842,25.254179110111345
558,45,29.1415770609319,637.0821064734524,25.240485464298274
559,18,29.1216457960644,636.1640931768652,25.222293574868747
560,17,29.1,635.2900000000001,25.20495982936692
561,98,29.222816399286987,642.6045418005153,25.349645792407344
562,17,29.201067615658364,641.7264757285243,25.33232077265177
563,124,29.369449378330373,656.5207007625352,25.622659908029362
564,23,29.358156028368793,655.4284618479954,25.60133711054943
565,45,29.3858407079646,654.7006844702012,25.58711950318365
566,16,29.362190812720847,653.859983892919,25.570686027029446
567,15,29.336860670194003,653.0699464056313,25.55523324889897
568,50,29.37323943661972,652.6705514778814,25.547417706646623
569,15,29.34797891036907,651.8859405549156,25.532057115612826
570,24,29.33859649122807,650.7923699599877,25.51063248843485
571,15,29.313485113835377,650.0120598329657,25.49533407965006
572,47,29.344405594405593,649.4215945767519,25.483751579717456
573,22,29.331588132635254,648.382195907154,25.46335005271604
574,21,29.317073170731707,647.3733322002211,25.443532227271845
575,39,29.333913043478262,646.41024120983,25.42459913567626
576,34,29.34201388888889,645.3257348331404,25.40326228721698
577,88,29.44367417677643,650.1601722889866,25.498238611499943
578,22,29.430795847750865,649.1310239341005,25.47804984558474
579,52,29.469775474956823,648.8881192932845,25.473282460124462
580,28,29.467241379310344,647.773064803805,25.45138630416436
581,27,29.46299483648881,646.6685961944656,25.429679435542745
582,36,29.47422680412371,645.6307790413435,25.409265613971286
583,34,29.481989708404804,644.5584234853144,25.388155180818366
584,22,29.46917808219178,643.5504198723964,25.368295564984187
585,25,29.46153846153846,642.4844181459566,25.347276345713293
586,21,29.447098976109213,641.5100001164835,25.32804769650601
587,27,29.442930153321978,640.4273222489544,25.306665569548162
588,26,29.437074829931973,639.358285320931,25.285535100545747
589,55,29.480475382003394,639.3803488402259,25.285971384153427
590,39,29.496610169491525,638.449988509049,25.267567918362246
591,23,29.485617597292723,637.4409945001302,25.247593835851568
592,37,29.49831081081081,636.4594566060993,25.228148101002166
593,64,29.556492411467115,637.3901475619153,25.246586849748926
594,36,29.567340067340066,636.3868794567447,25.22670964388231
595,35,29.576470588235296,635.3668413247653,25.2064841127192
596,24,29.56711409395973,634.3528782487275,25.18636294205115
597,34,29.57453936348409,633.3231708514655,25.16591287538494
598,113,29.714046822742475,643.8831137235601,25.37485199412127
599,68,29.7779632721202,645.251200526197,25.401795222507346
600,41,29.796666666666667,644.3853222222223,25.384745856955558
601,10,29.763727121464225,643.9641418489982,25.376448566515336
602,9,29.729235880398672,643.6094110440281,25.369458233159573
603,35,29.737976782752902,642.588060251534,25.349320705919006
604,9,29.70364238410596,642.2350198456207,25.342356240997418
605,36,29.71404958677686,641.2388935182022,25.322695226184006
606,24,29.704620462046204,640.234533106776,25.302856224283772
607,38,29.71828665568369,639.2929604911398,25.28424332447265
608,130,29.883223684210527,654.7544553973339,25.5881702237056
609,129,30.04597701149425,669.7844214181907,25.88019361245566
610,39,30.060655737704916,668.8176323568933,25.86150870225659
611,22,30.04746317512275,667.8291711422611,25.842390971855934
612,43,30.068627450980394,667.0116301422531,25.826568299761647
613,22,30.05546492659054,666.0295500693245,25.807548315741357
614,28,30.05211726384365,664.9516811849462,25.786657037796626
615,28,30.048780487804876,663.8772952607575,25.76581640974641
616,27,30.04383116883117,662.8146372701974,25.745186681595406
617,56,30.085899513776337,662.830546719238,25.74549565883784
618,27,30.080906148867314,661.7733894701564,25.724956549431845
619,21,30.066235864297255,660.8372929395215,25.706755784025365
620,27,30.061290322580646,659.7865660770032,25.686310869352244
621,20,30.045088566827697,658.8868559100301,25.668791477395857
622,94,30.14790996784566,664.3929136381964,25.77582032910294
623,93,30.248796147672554,669.6572016004989,25.877735635107236
624,60,30.296474358974358,670.0002439801117,25.88436292397616
625,39,30.3104,669.0492518399999,25.865986388305394
626,56,30.35143769968051,669.03304106401,25.86567302553734
627,94,30.452950558213715,674.4168453611919,25.969536872289268
628,65,30.50796178343949,675.2403824698771,25.985387864526423
629,9,30.47376788553259,674.9011401750575,25.97885948564828
630,8,30.438095238095237,674.6302947845804,25.973646158839163
631,34,30.443740095087165,673.5812246804685,25.953443407002247
632,22,30.430379746835442,672.6280644127544,25.93507401980481
633,28,30.42654028436019,671.5747774458495,25.914759837703482
634,17,30.405362776025235,670.7994034172895,25.899795431958328
635,28,30.401574803149607,669.7521235042472,25.879569615900632
636,8,30.36635220125786,669.4868552470235,25.874444056771992
637,7,30.32967032967033,669.2916314454775,25.870671260048077
638,52,30.363636363636363,668.9774864633799,25.86459909728701
639,45,30.386541471048513,668.2652961762925,25.85082776578523
640,12,30.3578125,667.7485327148438,25.840830728032792
641,16,30.33541341653666,667.0279034562319,25.82688334771023
642,44,30.356697819314643,666.2793087217708,25.81238673043953
643,17,30.33592534992224,665.5201246102906,25.797676728928337
644,16,30.31366459627329,664.8053412291191,25.783819368532644
645,42,30.331782945736435,663.9860441079262,25.767926655203095
646,15,30.308049535603715,663.321514152345,25.755028909949704
647,27,30.302936630602783,662.313175302012,25.73544589281507
648,40,30.317901234567902,661.4359758420972,25.718397614200175
649,48,30.345146379044685,660.8978231295747,25.707933077740318
650,28,30.341538461538462,659.8895053254439,25.68831456762868
651,27,30.336405529953918,658.8929757126576,25.66891068418482
652,16,30.31441717791411,658.1971541081712,25.655353322614193
653,27,30.309341500765697,657.205992368829,25.636029184895797
654,15,30.285932721712538,656.5589152615287,25.623405614038283
655,43,30.30534351145038,655.8029485461219,25.608649877455896
656,100,30.411585365853657,662.1964511451517,25.733178022645234
657,20,30.395738203957382,661.3532847290275,25.71678993826849
658,19,30.378419452887538,660.5452485657005,25.701074852342273
659,32,30.380880121396054,659.5468878445063,25.681644959863966
660,43,30.4,658.7884848484847,25.666875245118653
661,19,30.382753403933435,657.988144309841,25.65127958425936
662,29,30.380664652567976,656.9970883799893,25.63195443933196
663,15,30.357466063348415,656.3624140919857,25.619570919357447
664,10,30.326807228915662,655.997112697779,25.612440584563178
665,9,30.294736842105262,655.6935813217253,25.606514431326364
666,28,30.29129129129129,654.7169511854197,25.587437370424958
667,9,30.259370314842577,654.4139864100933,25.581516499419916
668,34,30.26497005988024,653.4552399691634,25.562770584761804
669,9,30.233183856502244,653.1533980842835,25.55686596756894
670,32,30.235820895522387,652.1831944753843,25.537877642344995
671,100,30.339791356184797,658.4538413871682,25.66035544155942
672,99,30.441964285714285,664.4787747130102,25.777485810548132
673,42,30.459138187221395,663.6896378902653,25.76217455670746
674,41,30.474777448071215,662.8695418644172,25.7462529674595
675,36,30.48296296296296,661.9326727023321,25.728052252402087
676,100,30.585798816568047,668.0917509891111,25.847470881869878
677,59,30.627769571639586,668.2957133412897,25.85141608000014
678,8,30.59439528023599,668.0640983806268,25.846935957297273
679,7,30.559646539027984,667.8988723345648,25.843739519167205
680,63,30.60735294117647,668.4620047577855,25.85463217216183
681,99,30.707782672540382,674.3389849513003,25.968037757044723
682,14,30.683284457478006,673.758928801782,25.956866698463088
683,9,30.651537335285504,673.4598329221054,25.95110465706817
684,15,30.628654970760234,672.8328631031769,25.939022015164277
685,7,30.594160583941605,672.6644914486654,25.935776283903003
686,6,30.558309037900873,672.5643843126588,25.933846307724174
687,39,30.570596797671033,671.6889753352445,25.916963080871273
688,34,30.575581395348838,670.7297525689563,25.89845077546061
689,18,30.55732946298984,669.9854651468968,25.884077444384545
690,22,30.544927536231885,669.1204452846041,25.867362549834958
691,26,30.5383502170767,668.1819590727171,25.849215830905145
692,34,30.54335260115607,667.233669684921,25.830866607315386
693,33,30.546897546897547,666.2795466518411,25.812391339274264
694,19,30.530259365994237,665.5113322093864,25.797506317653774
695,20,30.515107913669066,664.7130811034626,25.78203019747403
696,21,30.501436781609197,663.8879289701413,25.76602276196583
697,21,30.48780487804878,663.064772369388,25.750044123639633
698,48,30.512893982808023,662.5535586735741,25.74011574708968
699,16,30.492131616595135,661.9065904490577,25.727545363851906
700,15,30.47,661.3033857142857,25.715819755829013
701,33,30.47360912981455,660.369132337948,25.697648381475453
702,15,30.451566951566953,659.7690217611871,25.68596935607428
703,20,30.43669985775249,658.9856801474681,25.670716393343373
704,35,30.443181818181817,658.0791580578513,25.653053581549532
705,34,30.44822695035461,657.163631608068,25.635202975753245
706,25,30.440509915014164,656.2747895416866,25.61786075264066
707,24,30.43140028288543,655.4051243475529,25.600881319742744
708,89,30.51412429378531,659.3175971144946,25.67718047439194
709,21,30.50070521861777,658.5151617029487,25.661550259151312
710,21,30.487323943661973,657.7146280499901,25.645947595087808
711,21,30.473980309423347,656.9159896423689,25.630372405456168
712,25,30.46629213483146,656.0353806337583,25.61318763125274
713,28,30.462833099579242,655.1237939370811,25.595386184566177
714,27,30.45798319327731,654.2230245039191,25.577783807513878
715,25,30.45034965034965,653.3496327448775,25.560704856182614
716,27,30.445530726256983,652.4537370088325,25.543173980710236
717,38,30.456066945606693,651.6232442242492,25.526912156080478
718,27,30.45125348189415,650.7323034427108,25.509455177300648
719,24,30.442280945757997,649.8850551588997,25.49284321449649
720,15,30.420833333333334,649.3131770833332,25.481624302295433
721,14,30.398058252427184,648.7860711255943,25.471279338219237
722,141,30.55124653739612,664.8069305791084,25.783850189199992
723,26,30.544951590594746,663.9160291470341,25.766568051392372
724,160,30.723756906077348,686.1142974878668,26.193783565721596
725,15,30.702068965517242,685.5084784780024,26.182216836585905
726,32,30.703856749311296,684.5665691475233,26.164223075557267
727,19,30.687757909215957,683.8130963485447,26.14982019725078
728,18,30.67032967032967,683.0946141770319,26.13607878349451
729,107,30.775034293552814,690.1386908424454,26.270490875551705
730,39,30.786301369863015,689.2858397447927,26.254253745722668
731,13,30.761969904240765,688.7750790196139,26.244524743641556
732,14,30.739071038251367,688.2174352026038,26.233898589470147
733,47,30.761255115961802,687.6387716852569,26.222867342936716
734,18,30.743869209809265,686.923497835755,26.20922543372381
735,17,30.72517006802721,686.245556943866,26.196288991837488
736,96,30.813858695652176,691.0944275017722,26.28867489056404
737,69,30.865671641791046,692.1325664756274,26.308412465894392
738,12,30.84010840108401,691.6763316955662,26.2997401450198
739,105,30.9404600811908,698.1723683945501,26.422951545854033
740,26,30.933783783783785,697.2618316289262,26.405715889347256
741,32,30.93522267206478,696.3223895927922,26.387921282147108
742,31,30.935309973045822,695.3839553621377,26.37013377596211
743,14,30.912516823687753,694.83353108148,26.359695200845554
744,28,30.908602150537636,693.9110012718234,26.342190517719352
745,82,30.97718120805369,696.4786739336066,26.390882401572075
746,35,30.982573726541556,695.5667204536796,26.37359892873325
747,51,31.00937081659973,695.1712642627627,26.36610066473165
748,14,30.986631016042782,694.6281635162574,26.355799428517766
749,13,30.962616822429908,694.1321138464994,26.34638711183185
750,31,30.962666666666667,693.2066062222223,26.328817030436863
751,13,30.938748335552596,692.7126263960525,26.31943438594478
752,31,30.93882978723404,691.7914709710277,26.30192903516827
753,27,30.933598937583,690.8933332627878,26.28484988092547
754,98,31.022546419098145,695.9345049215852,26.380570595072147
755,43,31.03841059602649,695.2024981360466,26.366692969275586
756,42,31.052910052910054,694.4416449707455,26.352260718404132
757,55,31.08454425363276,694.2808311331141,26.349209307550655
758,26,31.0778364116095,693.39895468564,26.332469589570213
759,41,31.09090909090909,692.614923942987,26.31757823096546
760,14,31.068421052631578,692.0874238227146,26.307554500992953
761,23,31.057818659658345,691.2634112732916,26.29188869733956
762,34,31.061679790026247,690.3675866796177,26.27484703437144
763,33,31.06422018348624,689.4676975242584,26.257716913780953
764,26,31.05759162303665,688.5987774457939,26.241165702875964
765,33,31.060130718954248,687.7035738391218,26.22410291771907
766,41,31.073107049608357,686.9346031399765,26.20943729155543
767,33,31.07561929595828,686.0438253987411,26.192438324805522
768,30,31.07421875,685.1520436604818,26.175409140269075
769,31,31.074122236671002,684.261085868023,26.1583846188564
770,30,31.072727272727274,683.3739315230224,26.141421757873506
771,53,31.101167315175097,683.1103877424337,26.13638054020552
772,37,31.10880829015544,682.2705441756826,26.120309036756872
773,64,31.15135834411384,682.7856288146683,26.13016702615328
774,31,31.151162790697676,681.9035063998558,26.11328218359109
775,85,31.22064516129032,684.7603479708637,26.167925939417966
776,8,31.190721649484537,684.5718726750983,26.164324426116917
777,7,31.15958815958816,684.4430000877878,26.16186155623846
778,34,31.163239074550127,683.5736100739488,26.14524067730012
779,43,31.178433889602054,682.8757351596217,26.13189115161055
780,23,31.16794871794872,682.0858957922419,26.11677422256129
781,9,31.13956466069142,681.8409570447947,26.112084502099687
782,30,31.138107416879794,680.9706961623747,26.09541523261078
783,7,31.10727969348659,680.8441743368419,26.092990904395034
784,6,31.075255102040817,680.778775445127,26.091737685426914
785,147,31.222929936305732,697.0089009696135,26.400926138482596
786,21,31.209923664122137,696.2549142435367,26.386642723990803
787,19,31.19440914866582,695.559409657248,26.373460327709143
788,112,31.29695431472081,702.9524272720245,26.51325003223906
789,20,31.282636248415717,702.2230318334642,26.499491161783922
790,18,31.265822784810126,701.5571863483417,26.48692481864102
791,17,31.24778761061947,700.9272232974951,26.47503018501575
792,20,31.233585858585858,700.2017507779819,26.461325567287478
793,13,31.21059268600252,699.7374918303123,26.452551707355422
794,31,31.210327455919394,698.8562661396239,26.435889736107313
795,20,31.19622641509434,698.1350800996796,26.422245932162536
796,101,31.28391959798995,703.3716509684098,26.52115478195491
797,7,31.2534504391468,703.2281091735161,26.51844846844393
798,6,31.221804511278197,703.145038347749,26.516882138512234
799,17,31.204005006257823,702.5178312690613,26.505052938431593
800,6,31.1725,702.43274375,26.503447770997646
801,101,31.259675405742822,707.635440094389,26.601418009090963
802,33,31.261845386533665,706.7568734025285,26.584899349114124
803,149,31.408468244084684,723.1183342664261,26.89085967882816
804,37,31.415422885572138,722.2577720848494,26.874853898855886
805,36,31.42111801242236,721.386634774893,26.858641715002882
806,47,31.44044665012407,720.7923591057145,26.847576410277977
807,36,31.44609665427509,719.9249135123432,26.831416539428982
808,24,31.43688118811881,719.1024516591511,26.816085688615168
809,20,31.42274412855377,718.3750574882997,26.802519610818305
810,41,31.43456790123457,717.6012741960067,26.788080823306597
811,38,31.442663378545006,716.7695238558599,26.772551687425313
812,37,31.449507389162562,715.9247903977287,26.75677092621097
813,20,31.435424354243544,715.2052395800712,26.74332140142789
814,37,31.44226044226044,714.3646022614081,26.72760000937997
815,19,31.426993865030674,713.6777989386127,26.714748715617983
816,37,31.433823529411764,712.8412089100345,26.699086293542603
817,18,31.417380660954713,712.1893184756603,26.686875397387016
818,61,31.45354523227384,712.387206257734,26.69058272608026
819,60,31.488400488400487,712.5111597126248,26.69290466982986
820,24,31.479268292682928,711.7105458060677,26.67790369961755
821,16,31.46041412911084,711.1351564667431,26.667117513273592
822,30,31.458637469586375,710.272620041321,26.650940321897107
823,61,31.49453219927096,710.4686821323168,26.654618401551293
824,30,31.49271844660194,709.6091702799511,26.63849039040972
825,13,31.47030303030303,709.1630574839301,26.63011561153894
826,12,31.446731234866828,708.7629009374505,26.622601318005167
827,30,31.444981862152357,707.9083998485222,26.60654806337196
828,60,31.479468599033815,708.0370180751008,26.60896499443563
829,39,31.48854041013269,707.2510749504178,26.59419250419944
830,44,31.503614457831326,706.5873363332848,26.581710560708558
831,32,31.504211793020456,705.7373468817381,26.565717511140896
832,12,31.48076923076923,705.3457840236687,26.558346786343247
833,11,31.456182472989195,705.0019815849508,26.551873410080706
834,47,31.47482014388489,704.4460086606972,26.54140178401844
835,36,31.480239520958083,703.6268550324502,26.52596567577607
836,36,31.485645933014354,702.8096025732011,26.510556436506594
837,43,31.499402628434886,702.128135843864,26.497700576538033
838,101,31.58233890214797,707.0475162479139,26.590365101816747
839,27,31.576877234803337,706.2297871494102,26.574984236108403
840,26,31.570238095238096,705.4260189909297,26.55985728483739
841,14,31.549346016646847,704.9538669920441,26.550967345692776
842,15,31.529691211401424,704.4415174818466,26.54131717684423
843,37,31.536180308422303,703.641336299636,26.526238638367786
844,62,31.572274881516588,703.90591378226,26.531225259724813
845,100,31.653254437869823,708.6075781660306,26.619684035803857
846,12,31.63002364066194,708.2260016542876,26.612515883589204
847,11,31.605667060212514,707.8917270343695,26.60623473989451
848,26,31.599056603773583,707.0939613741544,26.59123843250168
849,11,31.574793875147233,706.760306936311,26.584963925804207
850,14,31.554117647058824,706.2917771626297,26.576150533187263
851,154,31.698002350176264,723.059208700347,26.88976029458699
852,84,31.759389671361504,725.4174587824286,26.933574935058818
853,25,31.751465416178196,724.6205283332118,26.918776501416477
854,24,31.7423887587822,723.8423015537845,26.904317526259323
855,107,31.830409356725145,729.6121746862283,27.011334189303355
856,24,31.82126168224299,728.8313703707748,26.99687704848053
857,151,31.960326721120186,744.535182156964,27.286171995297618
858,93,32.03146853146853,748.0048372373546,27.349677095668874
859,26,32.0244470314319,747.176352284447,27.334526743378
860,50,32.0453488372093,746.682827203894,27.32549774851126
861,49,32.0650406504065,746.1490798183244,27.31572953113873
862,19,32.04988399071926,745.4812702881661,27.303502894100713
863,49,32.06952491309386,744.9499750929483,27.2937717271349
864,37,32.07523148148148,744.1158680019719,27.278487274810015
865,49,32.09479768786127,743.5863891209195,27.268780484666333
866,106,32.18013856812933,749.0275962856487,27.368368535330138
867,39,32.18800461361015,748.2172494209707,27.353560086777932
868,38,32.194700460829495,747.3941193803224,27.338509823695993
869,23,32.18411967779056,746.6312322802686,27.32455365198613
870,48,32.202298850574714,746.0602246003434,27.314103034885537
871,77,32.25373134328358,747.5050807957913,27.34053914603352
872,39,32.26146788990825,746.6999831664,27.325811665280867
873,80,32.31615120274914,748.452167546439,27.357853854906804
874,18,32.29977116704806,747.8300457142258,27.346481413780197
875,17,32.28228571428571,747.242600489796,27.335738521024012
876,54,32.30707762557078,746.9273928295908,27.32997242643305
877,41,32.316989737742304,746.1617752028593,27.315961912458057
878,96,32.38952164009112,749.9257216390534,27.38477171055208
879,23,32.37883959044368,749.1727490516294,27.37102024133608
880,26,32.37159090909091,748.3676020144628,27.356308267280195
881,17,32.35414301929625,747.7860469670595,27.345676933787168
882,16,32.33560090702948,747.2411135277995,27.335711322879444
883,26,32.328425821064556,746.4402678503865,27.321059054333645
884,25,32.32013574660633,745.6565628775005,27.306712780514253
885,24,32.31073446327684,744.8921446583037,27.29271229940886
886,48,32.32844243792325,744.3289201473639,27.28239212655965
887,24,32.319052987598646,743.5678782463467,27.268441067401465
888,19,32.304054054054056,742.9300736547357,27.256743636295507
889,18,32.287964004499436,742.3242758322251,27.24562856372055
890,19,32.27303370786517,741.6883739426839,27.233956266813017
891,22,32.2615039281706,740.9742644048667,27.220842463172715
892,29,32.25784753363229,740.15548774357,27.20579878892678
893,55,32.28331466965285,739.9051751271868,27.20119804580649
894,38,32.289709172259506,739.11405517269,27.18665215087525
895,17,32.27262569832402,738.5491389157642,27.176260576388433
896,16,32.254464285714285,738.0200693558673,27.166524793500315
897,18,32.238573021181715,737.423573437533,27.155544064472966
898,16,32.220489977728285,736.8957048824162,27.14582297301771
899,17,32.203559510567295,736.3334244822763,27.135464331429382
900,51,32.224444444444444,735.9074024691357,27.1276132836845
901,35,32.22752497225305,735.0991757832276,27.112712438692437
902,18,32.211751662971174,734.5083763108343,27.101815000306424
903,17,32.19490586932447,733.9509375049822,27.09152888828872
904,70,32.23672566371681,734.7182972433237,27.105687544191234
905,17,32.21988950276243,734.1626983303319,27.09543685439177
906,32,32.219646799117,733.3524175352933,27.08048037859176
907,19,32.205071664829106,732.736335909969,27.069102975716962
908,39,32.2125550660793,731.9801507403598,27.055131689577113
909,17,32.1958195819582,731.429201445997,27.044947798914254
910,16,32.17802197802198,730.9133631203961,27.03540943134385
911,107,32.260153677277714,736.2495538732002,27.1339188815991
912,16,32.24232456140351,735.7318489823792,27.124377393451436
913,33,32.24315443592552,734.9266371470148,27.109530374888735
914,16,32.225382932166305,734.410909317258,27.10001677706599
915,19,32.210928961748635,733.7992248200902,27.0887287413066
916,17,32.19432314410481,733.2504481226521,27.078597602583706
917,16,32.17666303162486,732.7365110020467,27.06910620988522
918,103,32.25381263616558,737.3963634594481,27.155043057587815
919,159,32.391730141458105,754.0554702383841,27.460070470382703
920,44,32.404347826086955,753.3821550094517,27.447807836136054
921,17,32.387622149837135,752.8215188843736,27.437593168577553
922,43,32.399132321041215,752.1270274466996,27.424934410982637
923,25,32.391115926327195,751.3714053635925,27.41115476158552
924,24,32.38203463203463,750.6343525702292,27.397707067749835
925,161,32.52108108108108,767.6873934258583,27.70717223799387
926,29,32.51727861771058,766.871731686951,27.692449001252147
927,31,32.51564185544768,766.0469505858641,27.677553190010567
928,25,32.50754310344828,765.2822706877971,27.663735660387538
929,30,32.504843918191604,764.4652617894167,27.64896493161031
930,24,32.49569892473118,763.7209492426869,27.635501610115327
931,23,32.485499462943075,762.997372978249,27.622407081538874
932,230,32.697424892703864,803.9921392915692,28.354755144271113
933,56,32.72240085744909,803.7117918778986,28.349811143601972
934,11,32.69914346895075,803.3559521571467,28.343534574169585
935,18,32.683422459893045,802.7275861477308,28.332447584840438
936,32,32.68269230769231,801.8704696745563,28.31731748726486
937,103,32.75773745997866,806.2860260441997,28.395176105180255
938,102,32.83155650319829,810.5323943790034,28.469850620946424
939,37,32.835995740149095,809.6876925921013,28.45501173066181
940,43,32.8468085106383,808.9361068356723,28.44180210246306
941,36,32.850159404888416,808.0870058194361,28.426871192930044
942,56,32.874734607218684,807.7974720633247,28.42177812986592
943,111,32.9575821845175,813.406472202949,28.520281769347037
944,22,32.94597457627118,812.6718693891843,28.507400256585733
945,21,32.93333333333333,811.9627513227513,28.49496010389822
946,102,33.00634249471459,816.1416088213866,28.568192256798234
947,21,32.993664202745514,815.4318500371874,28.555767369083032
948,82,33.04535864978903,817.1023729726362,28.585002588291577
949,24,33.035827186512115,816.3274835359944,28.57144524758932
950,76,33.08105263157895,817.4092199445984,28.590369356561283
951,102,33.153522607781284,821.5389965291944,28.662501574865974
952,101,33.22478991596638,825.5061921827554,28.731623556331712
953,46,33.23819517313746,824.8110489986336,28.71952382959428
954,46,33.25157232704402,824.1170048653138,28.707438145284122
955,96,33.317277486910996,827.3726334256188,28.764085826349824
956,55,33.33995815899581,826.9984451865339,28.757580656003277
957,28,33.334378265412745,826.1640532445851,28.743069655911583
958,25,33.32567849686848,825.3741005312912,28.729324748961492
959,24,33.315954118873826,824.6040311803766,28.71591947300968
960,32,33.31458333333333,823.7468706597223,28.70099076094277
961,24,33.30489073881373,822.9798824282285,28.68762594618503
962,31,33.302494802494806,822.1299106158774,28.672807860687055
963,24,33.29283489096573,821.3659611222715,28.65948291791517
964,53,33.31327800829875,820.9163797110931,28.651638342529264
965,35,33.31502590673575,820.0686343257537,28.636840508787866
966,34,33.315734989648035,819.2201871927094,28.62202276556829
967,29,33.31127197518097,818.3922514327512,28.607555845139082
968,27,33.304752066115704,817.5879113021653,28.593494212882852
969,48,33.319917440660475,816.9667962780137,28.58263102441785
970,35,33.32164948453608,816.1274694441493,28.5679447885939
971,138,33.429454170957776,826.5601623179306,28.749959344630916
972,11,33.40637860082305,826.226831741435,28.74416169835946
973,10,33.38232271325796,825.940160278179,28.739174662439055
974,23,33.37166324435318,825.2027288557947,28.726342072317433
975,28,33.36615384615384,824.3859313609466,28.71212167989239
976,23,33.35553278688525,823.6512603718758,28.699325085650983
977,25,33.34698055271239,822.8796044960395,28.68587813709107
978,23,33.33640081799591,822.1475706859708,28.6731158175384
979,10,33.31256384065373,821.863488728049,28.668161586122835
980,9,33.28775510204082,821.6274010828821,28.664043697337647
981,51,33.305810397553515,821.1093342311253,28.65500539576158
982,23,33.29531568228106,820.3812204196929,28.642297750349794
983,17,33.27873855544252,819.8165062419215,28.632438007300767
984,24,33.26930894308943,819.0707653760988,28.619412386981303
985,22,33.25786802030457,818.3680218506017,28.607132359791006
986,24,33.248478701825555,817.6248709108041,28.594140499598936
987,23,33.23809523809524,816.9027838085589,28.581511223316358
988,23,33.227732793522264,816.1819434427707,28.568898183912705
989,23,33.21739130434783,815.4623466830792,28.55630134809267
990,36,33.220202020202024,814.6464605652484,28.542012202457773
991,22,33.208879919273464,813.9513237706461,28.529832172143006
992,129,33.305443548387096,822.371421980684,28.677019056740956
993,35,33.30715005035247,821.5461422302542,28.66262622702697
994,34,33.30784708249497,820.7201195098155,28.648213199252332
995,23,33.29748743718593,820.001953486023,28.635676235877913
996,34,33.29819277108434,819.1791533604297,28.621305933874325
997,22,33.28686058174524,818.4854141159689,28.609184086862193
998,51,33.30460921843687,817.9793575126204,28.60033841605061
999,51,33.32232232232232,817.4736858981103,28.5914967411311
1000,30,33.319,816.6672390000001,28.577390346216013
